"","x"
"1","output1.csv"
"2","output10.csv"
"3","output100.csv"
"4","output101.csv"
"5","output102.csv"
"6","output103.csv"
"7","output104.csv"
"8","output105.csv"
"9","output106.csv"
"10","output107.csv"
"11","output108.csv"
"12","output109.csv"
"13","output11.csv"
"14","output110.csv"
"15","output111.csv"
"16","output112.csv"
"17","output113.csv"
"18","output114.csv"
"19","output115.csv"
"20","output116.csv"
"21","output117.csv"
"22","output118.csv"
"23","output119.csv"
"24","output12.csv"
"25","output120.csv"
"26","output121.csv"
"27","output122.csv"
"28","output123.csv"
"29","output124.csv"
"30","output125.csv"
"31","output126.csv"
"32","output127.csv"
"33","output128.csv"
"34","output129.csv"
"35","output13.csv"
"36","output130.csv"
"37","output131.csv"
"38","output132.csv"
"39","output133.csv"
"40","output134.csv"
"41","output135.csv"
"42","output136.csv"
"43","output137.csv"
"44","output138.csv"
"45","output139.csv"
"46","output14.csv"
"47","output140.csv"
"48","output141.csv"
"49","output142.csv"
"50","output143.csv"
"51","output144.csv"
"52","output145.csv"
"53","output146.csv"
"54","output147.csv"
"55","output148.csv"
"56","output149.csv"
"57","output15.csv"
"58","output150.csv"
"59","output151.csv"
"60","output152.csv"
"61","output153.csv"
"62","output154.csv"
"63","output155.csv"
"64","output156.csv"
"65","output157.csv"
"66","output158.csv"
"67","output159.csv"
"68","output16.csv"
"69","output160.csv"
"70","output161.csv"
"71","output162.csv"
"72","output163.csv"
"73","output164.csv"
"74","output165.csv"
"75","output166.csv"
"76","output167.csv"
"77","output168.csv"
"78","output169.csv"
"79","output17.csv"
"80","output170.csv"
"81","output171.csv"
"82","output172.csv"
"83","output173.csv"
"84","output174.csv"
"85","output175.csv"
"86","output176.csv"
"87","output177.csv"
"88","output178.csv"
"89","output179.csv"
"90","output18.csv"
"91","output180.csv"
"92","output181.csv"
"93","output182.csv"
"94","output183.csv"
"95","output184.csv"
"96","output185.csv"
"97","output186.csv"
"98","output187.csv"
"99","output188.csv"
"100","output189.csv"
"101","output19.csv"
"102","output190.csv"
"103","output191.csv"
"104","output192.csv"
"105","output193.csv"
"106","output194.csv"
"107","output195.csv"
"108","output196.csv"
"109","output197.csv"
"110","output198.csv"
"111","output199.csv"
"112","output2.csv"
"113","output20.csv"
"114","output200.csv"
"115","output201.csv"
"116","output202.csv"
"117","output203.csv"
"118","output204.csv"
"119","output205.csv"
"120","output206.csv"
"121","output207.csv"
"122","output208.csv"
"123","output209.csv"
"124","output21.csv"
"125","output210.csv"
"126","output211.csv"
"127","output212.csv"
"128","output213.csv"
"129","output214.csv"
"130","output215.csv"
"131","output216.csv"
"132","output217.csv"
"133","output218.csv"
"134","output219.csv"
"135","output22.csv"
"136","output220.csv"
"137","output221.csv"
"138","output222.csv"
"139","output223.csv"
"140","output224.csv"
"141","output225.csv"
"142","output226.csv"
"143","output227.csv"
"144","output228.csv"
"145","output229.csv"
"146","output23.csv"
"147","output230.csv"
"148","output231.csv"
"149","output232.csv"
"150","output233.csv"
"151","output234.csv"
"152","output235.csv"
"153","output236.csv"
"154","output237.csv"
"155","output238.csv"
"156","output239.csv"
"157","output24.csv"
"158","output240.csv"
"159","output241.csv"
"160","output242.csv"
"161","output243.csv"
"162","output244.csv"
"163","output245.csv"
"164","output246.csv"
"165","output247.csv"
"166","output248.csv"
"167","output249.csv"
"168","output25.csv"
"169","output250.csv"
"170","output251.csv"
"171","output252.csv"
"172","output253.csv"
"173","output254.csv"
"174","output255.csv"
"175","output256.csv"
"176","output257.csv"
"177","output258.csv"
"178","output259.csv"
"179","output26.csv"
"180","output260.csv"
"181","output261.csv"
"182","output262.csv"
"183","output263.csv"
"184","output264.csv"
"185","output265.csv"
"186","output266.csv"
"187","output267.csv"
"188","output268.csv"
"189","output269.csv"
"190","output27.csv"
"191","output270.csv"
"192","output271.csv"
"193","output272.csv"
"194","output273.csv"
"195","output274.csv"
"196","output275.csv"
"197","output276.csv"
"198","output277.csv"
"199","output278.csv"
"200","output279.csv"
"201","output28.csv"
"202","output280.csv"
"203","output281.csv"
"204","output282.csv"
"205","output283.csv"
"206","output284.csv"
"207","output285.csv"
"208","output286.csv"
"209","output287.csv"
"210","output288.csv"
"211","output289.csv"
"212","output29.csv"
"213","output290.csv"
"214","output291.csv"
"215","output292.csv"
"216","output293.csv"
"217","output294.csv"
"218","output295.csv"
"219","output296.csv"
"220","output297.csv"
"221","output298.csv"
"222","output299.csv"
"223","output3.csv"
"224","output30.csv"
"225","output300.csv"
"226","output301.csv"
"227","output302.csv"
"228","output303.csv"
"229","output304.csv"
"230","output305.csv"
"231","output306.csv"
"232","output307.csv"
"233","output308.csv"
"234","output309.csv"
"235","output31.csv"
"236","output310.csv"
"237","output311.csv"
"238","output312.csv"
"239","output313.csv"
"240","output314.csv"
"241","output315.csv"
"242","output316.csv"
"243","output317.csv"
"244","output318.csv"
"245","output319.csv"
"246","output32.csv"
"247","output320.csv"
"248","output321.csv"
"249","output322.csv"
"250","output323.csv"
"251","output324.csv"
"252","output325.csv"
"253","output326.csv"
"254","output327.csv"
"255","output328.csv"
"256","output329.csv"
"257","output33.csv"
"258","output330.csv"
"259","output331.csv"
"260","output332.csv"
"261","output333.csv"
"262","output334.csv"
"263","output335.csv"
"264","output336.csv"
"265","output337.csv"
"266","output338.csv"
"267","output339.csv"
"268","output34.csv"
"269","output340.csv"
"270","output341.csv"
"271","output342.csv"
"272","output343.csv"
"273","output344.csv"
"274","output345.csv"
"275","output346.csv"
"276","output347.csv"
"277","output348.csv"
"278","output349.csv"
"279","output35.csv"
"280","output350.csv"
"281","output351.csv"
"282","output352.csv"
"283","output353.csv"
"284","output354.csv"
"285","output355.csv"
"286","output356.csv"
"287","output357.csv"
"288","output358.csv"
"289","output359.csv"
"290","output36.csv"
"291","output360.csv"
"292","output361.csv"
"293","output362.csv"
"294","output363.csv"
"295","output364.csv"
"296","output365.csv"
"297","output366.csv"
"298","output367.csv"
"299","output368.csv"
"300","output369.csv"
"301","output37.csv"
"302","output370.csv"
"303","output371.csv"
"304","output372.csv"
"305","output373.csv"
"306","output374.csv"
"307","output375.csv"
"308","output376.csv"
"309","output377.csv"
"310","output378.csv"
"311","output379.csv"
"312","output38.csv"
"313","output380.csv"
"314","output381.csv"
"315","output382.csv"
"316","output383.csv"
"317","output384.csv"
"318","output385.csv"
"319","output386.csv"
"320","output387.csv"
"321","output388.csv"
"322","output389.csv"
"323","output39.csv"
"324","output390.csv"
"325","output391.csv"
"326","output392.csv"
"327","output393.csv"
"328","output394.csv"
"329","output395.csv"
"330","output396.csv"
"331","output397.csv"
"332","output398.csv"
"333","output399.csv"
"334","output4.csv"
"335","output40.csv"
"336","output400.csv"
"337","output401.csv"
"338","output402.csv"
"339","output403.csv"
"340","output404.csv"
"341","output405.csv"
"342","output406.csv"
"343","output407.csv"
"344","output408.csv"
"345","output409.csv"
"346","output41.csv"
"347","output410.csv"
"348","output411.csv"
"349","output412.csv"
"350","output413.csv"
"351","output414.csv"
"352","output415.csv"
"353","output416.csv"
"354","output417.csv"
"355","output418.csv"
"356","output419.csv"
"357","output42.csv"
"358","output420.csv"
"359","output421.csv"
"360","output422.csv"
"361","output423.csv"
"362","output424.csv"
"363","output425.csv"
"364","output426.csv"
"365","output427.csv"
"366","output428.csv"
"367","output429.csv"
"368","output43.csv"
"369","output430.csv"
"370","output431.csv"
"371","output432.csv"
"372","output433.csv"
"373","output434.csv"
"374","output435.csv"
"375","output436.csv"
"376","output437.csv"
"377","output438.csv"
"378","output439.csv"
"379","output44.csv"
"380","output440.csv"
"381","output441.csv"
"382","output442.csv"
"383","output443.csv"
"384","output444.csv"
"385","output445.csv"
"386","output446.csv"
"387","output447.csv"
"388","output448.csv"
"389","output449.csv"
"390","output45.csv"
"391","output450.csv"
"392","output451.csv"
"393","output452.csv"
"394","output453.csv"
"395","output454.csv"
"396","output455.csv"
"397","output456.csv"
"398","output457.csv"
"399","output458.csv"
"400","output459.csv"
"401","output46.csv"
"402","output460.csv"
"403","output461.csv"
"404","output462.csv"
"405","output463.csv"
"406","output464.csv"
"407","output465.csv"
"408","output466.csv"
"409","output467.csv"
"410","output468.csv"
"411","output469.csv"
"412","output47.csv"
"413","output470.csv"
"414","output471.csv"
"415","output472.csv"
"416","output473.csv"
"417","output474.csv"
"418","output475.csv"
"419","output476.csv"
"420","output477.csv"
"421","output478.csv"
"422","output479.csv"
"423","output48.csv"
"424","output480.csv"
"425","output481.csv"
"426","output482.csv"
"427","output483.csv"
"428","output484.csv"
"429","output485.csv"
"430","output486.csv"
"431","output487.csv"
"432","output488.csv"
"433","output489.csv"
"434","output49.csv"
"435","output490.csv"
"436","output491.csv"
"437","output492.csv"
"438","output493.csv"
"439","output494.csv"
"440","output495.csv"
"441","output496.csv"
"442","output497.csv"
"443","output498.csv"
"444","output499.csv"
"445","output5.csv"
"446","output50.csv"
"447","output500.csv"
"448","output501.csv"
"449","output502.csv"
"450","output503.csv"
"451","output504.csv"
"452","output505.csv"
"453","output506.csv"
"454","output507.csv"
"455","output508.csv"
"456","output509.csv"
"457","output51.csv"
"458","output510.csv"
"459","output511.csv"
"460","output512.csv"
"461","output513.csv"
"462","output514.csv"
"463","output515.csv"
"464","output516.csv"
"465","output52.csv"
"466","output53.csv"
"467","output54.csv"
"468","output55.csv"
"469","output56.csv"
"470","output57.csv"
"471","output58.csv"
"472","output59.csv"
"473","output6.csv"
"474","output60.csv"
"475","output61.csv"
"476","output62.csv"
"477","output63.csv"
"478","output64.csv"
"479","output65.csv"
"480","output66.csv"
"481","output67.csv"
"482","output68.csv"
"483","output69.csv"
"484","output7.csv"
"485","output70.csv"
"486","output71.csv"
"487","output72.csv"
"488","output73.csv"
"489","output74.csv"
"490","output75.csv"
"491","output76.csv"
"492","output77.csv"
"493","output78.csv"
"494","output79.csv"
"495","output8.csv"
"496","output80.csv"
"497","output81.csv"
"498","output82.csv"
"499","output83.csv"
"500","output84.csv"
"501","output85.csv"
"502","output86.csv"
"503","output87.csv"
"504","output88.csv"
"505","output89.csv"
"506","output9.csv"
"507","output90.csv"
"508","output91.csv"
"509","output92.csv"
"510","output93.csv"
"511","output94.csv"
"512","output95.csv"
"513","output96.csv"
"514","output97.csv"
"515","output98.csv"
"516","output99.csv"
